listing_id,title,description,brand,category,price,market_price,seller_id,seller_name,phone,email,address,shipping_origin,account_age_days,listing_count_30d,prior_confirmed_cases,image_hash,payment_ref,image_path,reference_path,label
L001,Aurelia Eau de Parfum 100ml,Sealed authentic item with valid batch number,Aurelia,perfume,98,100,S001,Capital Beauty,+923001110001,orders@capitalbeauty.example,Blue Area Islamabad,Pakistan,1240,18,0,img_a1,pay_001,data/listing_images/L001.png,data/reference_images/aurelia.png,confirmed_genuine
L002,Aurelia Perfume AAA Master Copy,Same as original premium replica quality,Aurelia,perfume,19,100,S002,Best Brands,+923001110002,bestbrands@example.test,Raja Bazaar Rawalpindi,Pakistan,12,146,1,img_x1,pay_900,data/listing_images/L002.png,data/reference_images/aurelia.png,confirmed_counterfeit
L003,Noir Maison Original 50ml,Authorised retailer invoice available,Noir Maison,perfume,76,80,S003,Scent House,+923001110003,help@scenthouse.example,F-10 Islamabad,Pakistan,890,23,0,img_n1,pay_003,data/listing_images/L003.png,data/reference_images/noir_maison.png,confirmed_genuine
L004,Noir Maison inspired version,First copy long lasting box may vary,Noir Maison,perfume,14,80,S004,Luxury Zone,+923001110004,luxzone@example.test,Saddar Rawalpindi,Pakistan,20,132,1,img_x2,pay_901,data/listing_images/L004.png,data/reference_images/noir_maison.png,confirmed_counterfeit
L005,Velora Bloom Gift Set,Genuine gift set sourced from distributor,Velora,cosmetics,112,115,S005,Official Beauty,+923001110005,service@officialbeauty.example,Gulberg Lahore,Pakistan,1560,31,0,img_v1,pay_005,data/listing_images/L005.png,data/reference_images/velora.png,confirmed_genuine
L006,Velora Bloom master quality,Identical packing lowest wholesale price,Velora,cosmetics,22,115,S006,Brands Hub,+923001110006,brandshub@example.test,Raja Bazaar Rawalpindi,Pakistan,9,201,2,img_x1,pay_900,data/listing_images/L006.png,data/reference_images/velora.png,confirmed_counterfeit
L007,Lumina Skin Serum 30ml,Factory sealed with receipt,Lumina,cosmetics,45,48,S007,Care Store,+923001110007,support@carestore.example,DHA Lahore,Pakistan,640,16,0,img_l1,pay_007,data/listing_images/L007.png,data/reference_images/lumina.png,confirmed_genuine
L008,Lumina S3rum original type,Imported stock message for deal,Lumina,cosmetics,11,48,S008,Deal Point,+923001110006,dealpoint@example.test,Raja Bazaar Rawalpindi,Unknown,7,178,1,img_x3,pay_900,data/listing_images/L008.png,data/reference_images/lumina.png,confirmed_counterfeit
L009,Aurelia Tester Unboxed,Unboxed tester limited quantity,Aurelia,perfume,61,100,S009,Fragrance Outlet,+923001110009,outlet@example.test,Karachi,Pakistan,310,29,0,img_a2,pay_009,data/listing_images/L009.png,data/reference_images/aurelia.png,unverified
L010,Noir Maison clearance,Warehouse clearance no returns,Noir Maison,perfume,39,80,S010,Online Deals,+923001110010,deals@example.test,Peshawar,Pakistan,44,81,0,img_n2,pay_010,data/listing_images/L010.png,data/reference_images/noir_maison.png,unverified
L011,Velora cosmetics bundle,Imported bundle packaging may differ,Velora,cosmetics,58,115,S011,Beauty Square,+923001110011,square@example.test,Quetta,Pakistan,65,74,0,img_v2,pay_011,data/listing_images/L011.png,data/reference_images/velora.png,unverified
L012,Lumina Serum official stock,Verified distributor stock and tax invoice,Lumina,cosmetics,46,48,S012,Health and Glow,+923001110012,info@healthglow.example,Islamabad,Pakistan,980,20,0,img_l2,pay_012,data/listing_images/L012.png,data/reference_images/lumina.png,confirmed_genuine
